{
  "fio version" : "fio-3.7",
  "timestamp" : 1675671599,
  "timestamp_ms" : 1675671599598,
  "time" : "Mon Feb  6 16:19:59 2023",
  "global options" : {
    "runtime" : "20",
    "fsync" : "16",
    "iodepth" : "4",
    "ioengine" : "libaio"
  },
  "jobs" : [
    {
      "jobname" : "fio_libaio_128K_4K_16_WRITE",
      "groupid" : 0,
      "error" : 0,
      "eta" : 0,
      "elapsed" : 21,
      "job options" : {
        "directory" : "/export/perf",
        "rw" : "randwrite",
        "bs" : "4K",
        "filesize" : "128K",
        "numjobs" : "16",
        "name" : "fio_libaio_128K_4K_16_WRITE"
      },
      "read" : {
        "io_bytes" : 0,
        "io_kbytes" : 0,
        "bw_bytes" : 0,
        "bw" : 0,
        "iops" : 0.000000,
        "runtime" : 0,
        "total_ios" : 0,
        "short_ios" : 0,
        "drop_ios" : 0,
        "slat_ns" : {
          "min" : 0,
          "max" : 0,
          "mean" : 0.000000,
          "stddev" : 0.000000
        },
        "clat_ns" : {
          "min" : 0,
          "max" : 0,
          "mean" : 0.000000,
          "stddev" : 0.000000,
          "percentile" : {
            "1.000000" : 0,
            "5.000000" : 0,
            "10.000000" : 0,
            "20.000000" : 0,
            "30.000000" : 0,
            "40.000000" : 0,
            "50.000000" : 0,
            "60.000000" : 0,
            "70.000000" : 0,
            "80.000000" : 0,
            "90.000000" : 0,
            "95.000000" : 0,
            "99.000000" : 0,
            "99.500000" : 0,
            "99.900000" : 0,
            "99.950000" : 0,
            "99.990000" : 0
          }
        },
        "lat_ns" : {
          "min" : 0,
          "max" : 0,
          "mean" : 0.000000,
          "stddev" : 0.000000
        },
        "bw_min" : 0,
        "bw_max" : 0,
        "bw_agg" : 0.000000,
        "bw_mean" : 0.000000,
        "bw_dev" : 0.000000,
        "bw_samples" : 0,
        "iops_min" : 0,
        "iops_max" : 0,
        "iops_mean" : 0.000000,
        "iops_stddev" : 0.000000,
        "iops_samples" : 0
      },
      "write" : {
        "io_bytes" : 740229120,
        "io_kbytes" : 722880,
        "bw_bytes" : 36983718,
        "bw" : 36116,
        "iops" : 9029.228079,
        "runtime" : 20015,
        "total_ios" : 180720,
        "short_ios" : 0,
        "drop_ios" : 0,
        "slat_ns" : {
          "min" : 7796,
          "max" : 9633266,
          "mean" : 11401.908322,
          "stddev" : 29129.324473
        },
        "clat_ns" : {
          "min" : 103050,
          "max" : 329503904,
          "mean" : 5310752.742414,
          "stddev" : 11478653.749498,
          "percentile" : {
            "1.000000" : 116224,
            "5.000000" : 118272,
            "10.000000" : 119296,
            "20.000000" : 121344,
            "30.000000" : 127488,
            "40.000000" : 140288,
            "50.000000" : 148480,
            "60.000000" : 156672,
            "70.000000" : 177152,
            "80.000000" : 250880,
            "90.000000" : 26869760,
            "95.000000" : 30015488,
            "99.000000" : 36962304,
            "99.500000" : 40632320,
            "99.900000" : 66846720,
            "99.950000" : 84410368,
            "99.990000" : 147849216
          }
        },
        "lat_ns" : {
          "min" : 124840,
          "max" : 329519497,
          "mean" : 5330206.662777,
          "stddev" : 11489946.627602
        },
        "bw_min" : 1021,
        "bw_max" : 2560,
        "bw_agg" : 6.126857,
        "bw_mean" : 2212.775510,
        "bw_dev" : 201.633342,
        "bw_samples" : 637,
        "iops_min" : 255,
        "iops_max" : 640,
        "iops_mean" : 552.740973,
        "iops_stddev" : 50.351910,
        "iops_samples" : 637
      },
      "trim" : {
        "io_bytes" : 0,
        "io_kbytes" : 0,
        "bw_bytes" : 0,
        "bw" : 0,
        "iops" : 0.000000,
        "runtime" : 0,
        "total_ios" : 0,
        "short_ios" : 0,
        "drop_ios" : 0,
        "slat_ns" : {
          "min" : 0,
          "max" : 0,
          "mean" : 0.000000,
          "stddev" : 0.000000
        },
        "clat_ns" : {
          "min" : 0,
          "max" : 0,
          "mean" : 0.000000,
          "stddev" : 0.000000,
          "percentile" : {
            "1.000000" : 0,
            "5.000000" : 0,
            "10.000000" : 0,
            "20.000000" : 0,
            "30.000000" : 0,
            "40.000000" : 0,
            "50.000000" : 0,
            "60.000000" : 0,
            "70.000000" : 0,
            "80.000000" : 0,
            "90.000000" : 0,
            "95.000000" : 0,
            "99.000000" : 0,
            "99.500000" : 0,
            "99.900000" : 0,
            "99.950000" : 0,
            "99.990000" : 0
          }
        },
        "lat_ns" : {
          "min" : 0,
          "max" : 0,
          "mean" : 0.000000,
          "stddev" : 0.000000
        },
        "bw_min" : 0,
        "bw_max" : 0,
        "bw_agg" : 0.000000,
        "bw_mean" : 0.000000,
        "bw_dev" : 0.000000,
        "bw_samples" : 0,
        "iops_min" : 0,
        "iops_max" : 0,
        "iops_mean" : 0.000000,
        "iops_stddev" : 0.000000,
        "iops_samples" : 0
      },
      "sync" : {
        "lat_ns" : {
          "min" : 5497,
          "max" : 270670,
          "mean" : 8034.293316,
          "stddev" : 12634.326179,
          "percentile" : {
            "1.000000" : 5600,
            "5.000000" : 5728,
            "10.000000" : 5792,
            "20.000000" : 5792,
            "30.000000" : 5920,
            "40.000000" : 5920,
            "50.000000" : 5920,
            "60.000000" : 5984,
            "70.000000" : 6112,
            "80.000000" : 6304,
            "90.000000" : 7392,
            "95.000000" : 9280,
            "99.000000" : 84480,
            "99.500000" : 101888,
            "99.900000" : 152576,
            "99.950000" : 179200,
            "99.990000" : 234496
          }
        },
        "total_ios" : 11295
      },
      "usr_cpu" : 2.520284,
      "sys_cpu" : 3.634682,
      "ctx" : 14790,
      "majf" : 0,
      "minf" : 21,
      "iodepth_level" : {
        "1" : 0.100000,
        "2" : 0.100000,
        "4" : 106.223440,
        "8" : 0.000000,
        "16" : 0.000000,
        "32" : 0.000000,
        ">=64" : 0.000000
      },
      "latency_ns" : {
        "2" : 0.000000,
        "4" : 0.000000,
        "10" : 0.000000,
        "20" : 0.000000,
        "50" : 0.000000,
        "100" : 0.000000,
        "250" : 0.000000,
        "500" : 0.000000,
        "750" : 0.000000,
        "1000" : 0.000000
      },
      "latency_us" : {
        "2" : 0.000000,
        "4" : 0.000000,
        "10" : 0.000000,
        "20" : 0.000000,
        "50" : 0.000000,
        "100" : 0.000000,
        "250" : 80.004427,
        "500" : 1.203519,
        "750" : 0.019920,
        "1000" : 0.022134
      },
      "latency_ms" : {
        "2" : 0.230744,
        "4" : 0.101815,
        "10" : 0.049247,
        "20" : 0.897521,
        "50" : 17.263723,
        "100" : 0.169876,
        "250" : 0.033754,
        "500" : 0.010000,
        "750" : 0.000000,
        "1000" : 0.000000,
        "2000" : 0.000000,
        ">=2000" : 0.000000
      },
      "latency_depth" : 4,
      "latency_target" : 0,
      "latency_percentile" : 100.000000,
      "latency_window" : 0
    }
  ],
  "disk_util" : [
    {
      "name" : "dm-0",
      "read_ios" : 21,
      "write_ios" : 81883,
      "read_merges" : 0,
      "write_merges" : 0,
      "read_ticks" : 1228,
      "write_ticks" : 17691,
      "in_queue" : 18455,
      "util" : 52.772253,
      "aggr_read_ios" : 40,
      "aggr_write_ios" : 81908,
      "aggr_read_merges" : 0,
      "aggr_write_merge" : 0,
      "aggr_read_ticks" : 1228,
      "aggr_write_ticks" : 17915,
      "aggr_in_queue" : 14671,
      "aggr_util" : 51.948807
    },
    {
      "name" : "sda",
      "read_ios" : 40,