{
  "fio version" : "fio-3.7",
  "timestamp" : 1675671620,
  "timestamp_ms" : 1675671620462,
  "time" : "Mon Feb  6 16:20:20 2023",
  "global options" : {
    "runtime" : "20",
    "fsync" : "16",
    "iodepth" : "4",
    "ioengine" : "libaio"
  },
  "jobs" : [
    {
      "jobname" : "fio_libaio_128K_4K_16_READ",
      "groupid" : 0,
      "error" : 0,
      "eta" : 0,
      "elapsed" : 21,
      "job options" : {
        "directory" : "/export/perf",
        "rw" : "randread",
        "bs" : "4K",
        "filesize" : "128K",
        "numjobs" : "16",
        "name" : "fio_libaio_128K_4K_16_READ"
      },
      "read" : {
        "io_bytes" : 420573184,
        "io_kbytes" : 410716,
        "bw_bytes" : 21024454,
        "bw" : 20531,
        "iops" : 5132.923415,
        "runtime" : 20004,
        "total_ios" : 102679,
        "short_ios" : 0,
        "drop_ios" : 0,
        "slat_ns" : {
          "min" : 118683,
          "max" : 69350798,
          "mean" : 3065917.179939,
          "stddev" : 1224396.529568
        },
        "clat_ns" : {
          "min" : 30696,
          "max" : 125652474,
          "mean" : 9335136.600269,
          "stddev" : 2398586.798413,
          "percentile" : {
            "1.000000" : 6455296,
            "5.000000" : 7241728,
            "10.000000" : 7634944,
            "20.000000" : 8093696,
            "30.000000" : 8454144,
            "40.000000" : 8716288,
            "50.000000" : 8978432,
            "60.000000" : 9371648,
            "70.000000" : 9764864,
            "80.000000" : 10289152,
            "90.000000" : 11206656,
            "95.000000" : 12124160,
            "99.000000" : 14614528,
            "99.500000" : 16908288,
            "99.900000" : 36962304,
            "99.950000" : 56360960,
            "99.990000" : 79167488
          }
        },
        "lat_ns" : {
          "min" : 493226,
          "max" : 129735455,
          "mean" : 12409192.833705,
          "stddev" : 2855967.209397
        },
        "bw_min" : 848,
        "bw_max" : 1413,
        "bw_agg" : 6.241223,
        "bw_mean" : 1281.385466,
        "bw_dev" : 87.569755,
        "bw_samples" : 633,
        "iops_min" : 212,
        "iops_max" : 353,
        "iops_mean" : 320.296998,
        "iops_stddev" : 21.895977,
        "iops_samples" : 633
      },
      "write" : {
        "io_bytes" : 0,
        "io_kbytes" : 0,
        "bw_bytes" : 0,
        "bw" : 0,
        "iops" : 0.000000,
        "runtime" : 0,
        "total_ios" : 0,
        "short_ios" : 0,
        "drop_ios" : 0,
        "slat_ns" : {
          "min" : 0,
          "max" : 0,
          "mean" : 0.000000,
          "stddev" : 0.000000
        },
        "clat_ns" : {
          "min" : 0,
          "max" : 0,
          "mean" : 0.000000,
          "stddev" : 0.000000,
          "percentile" : {
            "1.000000" : 0,
            "5.000000" : 0,
            "10.000000" : 0,
            "20.000000" : 0,
            "30.000000" : 0,
            "40.000000" : 0,
            "50.000000" : 0,
            "60.000000" : 0,
            "70.000000" : 0,
            "80.000000" : 0,
            "90.000000" : 0,
            "95.000000" : 0,
            "99.000000" : 0,
            "99.500000" : 0,
            "99.900000" : 0,
            "99.950000" : 0,
            "99.990000" : 0
          }
        },
        "lat_ns" : {
          "min" : 0,
          "max" : 0,
          "mean" : 0.000000,
          "stddev" : 0.000000
        },
        "bw_min" : 0,
        "bw_max" : 0,
        "bw_agg" : 0.000000,
        "bw_mean" : 0.000000,
        "bw_dev" : 0.000000,
        "bw_samples" : 0,
        "iops_min" : 0,
        "iops_max" : 0,
        "iops_mean" : 0.000000,
        "iops_stddev" : 0.000000,
        "iops_samples" : 0
      },
      "trim" : {
        "io_bytes" : 0,
        "io_kbytes" : 0,
        "bw_bytes" : 0,
        "bw" : 0,
        "iops" : 0.000000,
        "runtime" : 0,
        "total_ios" : 0,
        "short_ios" : 0,
        "drop_ios" : 0,
        "slat_ns" : {
          "min" : 0,
          "max" : 0,
          "mean" : 0.000000,
          "stddev" : 0.000000
        },
        "clat_ns" : {
          "min" : 0,
          "max" : 0,
          "mean" : 0.000000,
          "stddev" : 0.000000,
          "percentile" : {
            "1.000000" : 0,
            "5.000000" : 0,
            "10.000000" : 0,
            "20.000000" : 0,
            "30.000000" : 0,
            "40.000000" : 0,
            "50.000000" : 0,
            "60.000000" : 0,
            "70.000000" : 0,
            "80.000000" : 0,
            "90.000000" : 0,
            "95.000000" : 0,
            "99.000000" : 0,
            "99.500000" : 0,
            "99.900000" : 0,
            "99.950000" : 0,
            "99.990000" : 0
          }
        },
        "lat_ns" : {
          "min" : 0,
          "max" : 0,
          "mean" : 0.000000,
          "stddev" : 0.000000
        },
        "bw_min" : 0,
        "bw_max" : 0,
        "bw_agg" : 0.000000,
        "bw_mean" : 0.000000,
        "bw_dev" : 0.000000,
        "bw_samples" : 0,
        "iops_min" : 0,
        "iops_max" : 0,
        "iops_mean" : 0.000000,
        "iops_stddev" : 0.000000,
        "iops_samples" : 0
      },
      "sync" : {
        "lat_ns" : {
          "min" : 0,
          "max" : 0,
          "mean" : 0.000000,
          "stddev" : 0.000000,
          "percentile" : {
            "1.000000" : 0,
            "5.000000" : 0,
            "10.000000" : 0,
            "20.000000" : 0,
            "30.000000" : 0,
            "40.000000" : 0,
            "50.000000" : 0,
            "60.000000" : 0,
            "70.000000" : 0,
            "80.000000" : 0,
            "90.000000" : 0,
            "95.000000" : 0,
            "99.000000" : 0,
            "99.500000" : 0,
            "99.900000" : 0,
            "99.950000" : 0,
            "99.990000" : 0
          }
        },
        "total_ios" : 0
      },
      "usr_cpu" : 1.425232,
      "sys_cpu" : 4.670675,
      "ctx" : 102711,
      "majf" : 0,
      "minf" : 69,
      "iodepth_level" : {
        "1" : 0.100000,
        "2" : 0.100000,
        "4" : 99.953252,
        "8" : 0.000000,
        "16" : 0.000000,
        "32" : 0.000000,
        ">=64" : 0.000000
      },
      "latency_ns" : {
        "2" : 0.000000,
        "4" : 0.000000,
        "10" : 0.000000,
        "20" : 0.000000,
        "50" : 0.000000,
        "100" : 0.000000,
        "250" : 0.000000,
        "500" : 0.000000,
        "750" : 0.000000,
        "1000" : 0.000000
      },
      "latency_us" : {
        "2" : 0.000000,
        "4" : 0.000000,
        "10" : 0.000000,
        "20" : 0.000000,
        "50" : 0.013635,
        "100" : 0.000000,
        "250" : 0.010000,
        "500" : 0.010000,
        "750" : 0.010000,
        "1000" : 0.010000
      },
      "latency_ms" : {
        "2" : 0.017530,
        "4" : 0.048695,
        "10" : 74.559550,
        "20" : 24.997322,
        "50" : 0.292173,
        "100" : 0.052591,
        "250" : 0.010000,
        "500" : 0.000000,
        "750" : 0.000000,
        "1000" : 0.000000,
        "2000" : 0.000000,
        ">=2000" : 0.000000
      },
      "latency_depth" : 4,
      "latency_target" : 0,
      "latency_percentile" : 100.000000,
      "latency_window" : 0
    }
  ],
  "disk_util" : [
    {
      "name" : "dm-0",
      "read_ios" : 101685,
      "write_ios" : 26,
      "read_merges" : 0,
      "write_merges" : 0,
      "read_ticks" : 14797,
      "write_ticks" : 13,
      "in_queue" : 14814,
      "util" : 63.338174,
      "aggr_read_ios" : 102679,
      "aggr_write_ios" : 24,
      "aggr_read_merges" : 0,
      "aggr_write_merge" : 2,
      "aggr_read_ticks" : 15856,
      "aggr_write_ticks" : 11,
      "aggr_in_queue" : 15032,
      "aggr_util" : 63.890126
    },
    {
      "name" : "sda",
      "read_ios" : 102679,
      "write_ios" : 24,
      "read_merges" : 0,
      "write_merges" : 2,