{
  "fio version" : "fio-3.16",
  "timestamp" : 1670057697,
  "timestamp_ms" : 1670057697201,
  "time" : "Sat Dec  3 08:54:57 2022",
  "jobs" : [
    {
      "jobname" : "randwrite_128k_4_64",
      "groupid" : 0,
      "error" : 0,
      "eta" : 0,
      "elapsed" : 22,
      "job options" : {
        "name" : "randwrite_128k_4_64",
        "directory" : "/mnt/test",
        "size" : "10m",
        "runtime" : "20",
        "ioengine" : "libaio",
        "direct" : "1",
        "rw" : "randwrite",
        "iodepth" : "4",
        "numjobs" : "64",
        "bs" : "128k"
      },
      "read" : {
        "io_bytes" : 0,
        "io_kbytes" : 0,
        "bw_bytes" : 0,
        "bw" : 0,
        "iops" : 0.000000,
        "runtime" : 0,
        "total_ios" : 0,
        "short_ios" : 0,
        "drop_ios" : 0,
        "slat_ns" : {
          "min" : 0,
          "max" : 0,
          "mean" : 0.000000,
          "stddev" : 0.000000
        },
        "clat_ns" : {
          "min" : 0,
          "max" : 0,
          "mean" : 0.000000,
          "stddev" : 0.000000,
          "percentile" : {
            "1.000000" : 0,
            "5.000000" : 0,
            "10.000000" : 0,
            "20.000000" : 0,
            "30.000000" : 0,
            "40.000000" : 0,
            "50.000000" : 0,
            "60.000000" : 0,
            "70.000000" : 0,
            "80.000000" : 0,
            "90.000000" : 0,
            "95.000000" : 0,
            "99.000000" : 0,
            "99.500000" : 0,
            "99.900000" : 0,
            "99.950000" : 0,
            "99.990000" : 0
          }
        },
        "lat_ns" : {
          "min" : 0,
          "max" : 0,
          "mean" : 0.000000,
          "stddev" : 0.000000
        },
        "bw_min" : 0,
        "bw_max" : 0,
        "bw_agg" : 0.000000,
        "bw_mean" : 0.000000,
        "bw_dev" : 0.000000,
        "bw_samples" : 0,
        "iops_min" : 0,
        "iops_max" : 0,
        "iops_mean" : 0.000000,
        "iops_stddev" : 0.000000,
        "iops_samples" : 0
      },
      "write" : {
        "io_bytes" : 1210187776,
        "io_kbytes" : 1181824,
        "bw_bytes" : 60256312,
        "bw" : 58844,
        "iops" : 459.719179,
        "runtime" : 20084,
        "total_ios" : 9233,
        "short_ios" : 0,
        "drop_ios" : 0,
        "slat_ns" : {
          "min" : 6315,
          "max" : 1526428230,
          "mean" : 2846905.839272,
          "stddev" : 31906072.258357
        },
        "clat_ns" : {
          "min" : 8189,
          "max" : 6377614405,
          "mean" : 547544879.950828,
          "stddev" : 888546194.907175,
          "percentile" : {
            "1.000000" : 242688,
            "5.000000" : 284672,
            "10.000000" : 313344,
            "20.000000" : 370688,
            "30.000000" : 60555264,
            "40.000000" : 90701824,
            "50.000000" : 129499136,
            "60.000000" : 166723584,
            "70.000000" : 346030080,
            "80.000000" : 1132462080,
            "90.000000" : 1753219072,
            "95.000000" : 2432696320,
            "99.000000" : 3640655872,
            "99.500000" : 4076863488,
            "99.900000" : 6341787648,
            "99.950000" : 6408896512,
            "99.990000" : 6408896512
          }
        },
        "lat_ns" : {
          "min" : 301404,
          "max" : 6393011993,
          "mean" : 550392433.075057,
          "stddev" : 889004715.960470
        },
        "bw_min" : 37235,
        "bw_max" : 380346,
        "bw_agg" : 100.000000,
        "bw_mean" : 108447.640424,
        "bw_dev" : 1418.953071,
        "bw_samples" : 1031,
        "iops_min" : 270,
        "iops_max" : 2957,
        "iops_mean" : 836.800629,
        "iops_stddev" : 11.064529,
        "iops_samples" : 1031
      },
      "trim" : {
        "io_bytes" : 0,
        "io_kbytes" : 0,
        "bw_bytes" : 0,
        "bw" : 0,
        "iops" : 0.000000,
        "runtime" : 0,
        "total_ios" : 0,
        "short_ios" : 0,
        "drop_ios" : 0,
        "slat_ns" : {
          "min" : 0,
          "max" : 0,
          "mean" : 0.000000,
          "stddev" : 0.000000
        },
        "clat_ns" : {
          "min" : 0,
          "max" : 0,
          "mean" : 0.000000,
          "stddev" : 0.000000,
          "percentile" : {
            "1.000000" : 0,
            "5.000000" : 0,
            "10.000000" : 0,
            "20.000000" : 0,
            "30.000000" : 0,
            "40.000000" : 0,
            "50.000000" : 0,
            "60.000000" : 0,
            "70.000000" : 0,
            "80.000000" : 0,
            "90.000000" : 0,
            "95.000000" : 0,
            "99.000000" : 0,
            "99.500000" : 0,
            "99.900000" : 0,
            "99.950000" : 0,
            "99.990000" : 0
          }
        },
        "lat_ns" : {
          "min" : 0,
          "max" : 0,
          "mean" : 0.000000,
          "stddev" : 0.000000
        },
        "bw_min" : 0,
        "bw_max" : 0,
        "bw_agg" : 0.000000,
        "bw_mean" : 0.000000,
        "bw_dev" : 0.000000,
        "bw_samples" : 0,
        "iops_min" : 0,
        "iops_max" : 0,
        "iops_mean" : 0.000000,
        "iops_stddev" : 0.000000,
        "iops_samples" : 0
      },
      "sync" : {
        "lat_ns" : {
          "min" : 0,
          "max" : 0,
          "mean" : 0.000000,
          "stddev" : 0.000000,
          "percentile" : {
            "1.000000" : 0,
            "5.000000" : 0,
            "10.000000" : 0,
            "20.000000" : 0,
            "30.000000" : 0,
            "40.000000" : 0,
            "50.000000" : 0,
            "60.000000" : 0,
            "70.000000" : 0,
            "80.000000" : 0,
            "90.000000" : 0,
            "95.000000" : 0,
            "99.000000" : 0,
            "99.500000" : 0,
            "99.900000" : 0,
            "99.950000" : 0,
            "99.990000" : 0
          }
        },
        "total_ios" : 0
      },
      "job_runtime" : 1282915,
      "usr_cpu" : 0.009432,
      "sys_cpu" : 0.094161,
      "ctx" : 3524,
      "majf" : 0,
      "minf" : 681,
      "iodepth_level" : {
        "1" : 0.693166,
        "2" : 1.386332,
        "4" : 97.920503,
        "8" : 0.000000,
        "16" : 0.000000,
        "32" : 0.000000,
        ">=64" : 0.000000
      },
      "iodepth_submit" : {
        "0" : 0.000000,
        "4" : 100.000000,
        "8" : 0.000000,
        "16" : 0.000000,
        "32" : 0.000000,
        "64" : 0.000000,
        ">=64" : 0.000000
      },
      "iodepth_complete" : {
        "0" : 0.000000,
        "4" : 100.000000,
        "8" : 0.000000,
        "16" : 0.000000,
        "32" : 0.000000,
        "64" : 0.000000,
        ">=64" : 0.000000
      },
      "latency_ns" : {
        "2" : 0.000000,
        "4" : 0.000000,
        "10" : 0.000000,
        "20" : 0.000000,
        "50" : 0.000000,
        "100" : 0.000000,
        "250" : 0.000000,
        "500" : 0.000000,
        "750" : 0.000000,
        "1000" : 0.000000
      },
      "latency_us" : {
        "2" : 0.000000,
        "4" : 0.000000,
        "10" : 0.010831,
        "20" : 0.000000,
        "50" : 0.000000,
        "100" : 0.184122,
        "250" : 1.223871,
        "500" : 21.455648,
        "750" : 0.758150,
        "1000" : 0.281599
      },
      "latency_ms" : {
        "2" : 0.498213,
        "4" : 0.194953,
        "10" : 0.898949,
        "20" : 1.451316,
        "50" : 1.743745,
        "100" : 14.264053,
        "250" : 24.369111,
        "500" : 5.144590,
        "750" : 2.718510,
        "1000" : 3.779920,
        "2000" : 13.635871,
        ">=2000" : 7.386548
      },
      "latency_depth" : 4,
      "latency_target" : 0,
      "latency_percentile" : 100.000000,
      "latency_window" : 0
    }
  ],
  "disk_util" : [
    {
      "name" : "sda",
      "read_ios" : 1,
      "write_ios" : 7725,
      "read_merges" : 0,
      "write_merges" : 1680,
      "read_ticks" : 289,