{
  "fio version" : "fio-3.16",
  "timestamp" : 1670057557,
  "timestamp_ms" : 1670057557483,
  "time" : "Sat Dec  3 08:52:37 2022",
  "jobs" : [
    {
      "jobname" : "randwrite_1m_4_16",
      "groupid" : 0,
      "error" : 0,
      "eta" : 0,
      "elapsed" : 21,
      "job options" : {
        "name" : "randwrite_1m_4_16",
        "directory" : "/mnt/test",
        "size" : "10m",
        "runtime" : "20",
        "ioengine" : "libaio",
        "direct" : "1",
        "rw" : "randwrite",
        "iodepth" : "4",
        "numjobs" : "16",
        "bs" : "1m"
      },
      "read" : {
        "io_bytes" : 0,
        "io_kbytes" : 0,
        "bw_bytes" : 0,
        "bw" : 0,
        "iops" : 0.000000,
        "runtime" : 0,
        "total_ios" : 0,
        "short_ios" : 0,
        "drop_ios" : 0,
        "slat_ns" : {
          "min" : 0,
          "max" : 0,
          "mean" : 0.000000,
          "stddev" : 0.000000
        },
        "clat_ns" : {
          "min" : 0,
          "max" : 0,
          "mean" : 0.000000,
          "stddev" : 0.000000,
          "percentile" : {
            "1.000000" : 0,
            "5.000000" : 0,
            "10.000000" : 0,
            "20.000000" : 0,
            "30.000000" : 0,
            "40.000000" : 0,
            "50.000000" : 0,
            "60.000000" : 0,
            "70.000000" : 0,
            "80.000000" : 0,
            "90.000000" : 0,
            "95.000000" : 0,
            "99.000000" : 0,
            "99.500000" : 0,
            "99.900000" : 0,
            "99.950000" : 0,
            "99.990000" : 0
          }
        },
        "lat_ns" : {
          "min" : 0,
          "max" : 0,
          "mean" : 0.000000,
          "stddev" : 0.000000
        },
        "bw_min" : 0,
        "bw_max" : 0,
        "bw_agg" : 0.000000,
        "bw_mean" : 0.000000,
        "bw_dev" : 0.000000,
        "bw_samples" : 0,
        "iops_min" : 0,
        "iops_max" : 0,
        "iops_mean" : 0.000000,
        "iops_stddev" : 0.000000,
        "iops_samples" : 0
      },
      "write" : {
        "io_bytes" : 24588058624,
        "io_kbytes" : 24011776,
        "bw_bytes" : 1228727131,
        "bw" : 1199928,
        "iops" : 1171.805507,
        "runtime" : 20011,
        "total_ios" : 23449,
        "short_ios" : 0,
        "drop_ios" : 0,
        "slat_ns" : {
          "min" : 108063,
          "max" : 96898387,
          "mean" : 13453989.219626,
          "stddev" : 16261254.992461
        },
        "clat_ns" : {
          "min" : 5188,
          "max" : 175082672,
          "mean" : 40965127.648471,
          "stddev" : 21440067.194179,
          "percentile" : {
            "1.000000" : 2768896,
            "5.000000" : 3620864,
            "10.000000" : 16908288,
            "20.000000" : 26345472,
            "30.000000" : 30539776,
            "40.000000" : 33816576,
            "50.000000" : 36962304,
            "60.000000" : 42205184,
            "70.000000" : 48496640,
            "80.000000" : 57409536,
            "90.000000" : 69730304,
            "95.000000" : 80216064,
            "99.000000" : 103284736,
            "99.500000" : 110624768,
            "99.900000" : 130547712,
            "99.950000" : 139460608,
            "99.990000" : 147849216
          }
        },
        "lat_ns" : {
          "min" : 2279327,
          "max" : 200983170,
          "mean" : 54438749.046782,
          "stddev" : 24029215.328638
        },
        "bw_min" : 858754,
        "bw_max" : 1455543,
        "bw_agg" : 99.683146,
        "bw_mean" : 1196125.982692,
        "bw_dev" : 10293.921782,
        "bw_samples" : 639,
        "iops_min" : 830,
        "iops_max" : 1419,
        "iops_mean" : 1162.755769,
        "iops_stddev" : 10.107044,
        "iops_samples" : 639
      },
      "trim" : {
        "io_bytes" : 0,
        "io_kbytes" : 0,
        "bw_bytes" : 0,
        "bw" : 0,
        "iops" : 0.000000,
        "runtime" : 0,
        "total_ios" : 0,
        "short_ios" : 0,
        "drop_ios" : 0,
        "slat_ns" : {
          "min" : 0,
          "max" : 0,
          "mean" : 0.000000,
          "stddev" : 0.000000
        },
        "clat_ns" : {
          "min" : 0,
          "max" : 0,
          "mean" : 0.000000,
          "stddev" : 0.000000,
          "percentile" : {
            "1.000000" : 0,
            "5.000000" : 0,
            "10.000000" : 0,
            "20.000000" : 0,
            "30.000000" : 0,
            "40.000000" : 0,
            "50.000000" : 0,
            "60.000000" : 0,
            "70.000000" : 0,
            "80.000000" : 0,
            "90.000000" : 0,
            "95.000000" : 0,
            "99.000000" : 0,
            "99.500000" : 0,
            "99.900000" : 0,
            "99.950000" : 0,
            "99.990000" : 0
          }
        },
        "lat_ns" : {
          "min" : 0,
          "max" : 0,
          "mean" : 0.000000,
          "stddev" : 0.000000
        },
        "bw_min" : 0,
        "bw_max" : 0,
        "bw_agg" : 0.000000,
        "bw_mean" : 0.000000,
        "bw_dev" : 0.000000,
        "bw_samples" : 0,
        "iops_min" : 0,
        "iops_max" : 0,
        "iops_mean" : 0.000000,
        "iops_stddev" : 0.000000,
        "iops_samples" : 0
      },
      "sync" : {
        "lat_ns" : {
          "min" : 0,
          "max" : 0,
          "mean" : 0.000000,
          "stddev" : 0.000000,
          "percentile" : {
            "1.000000" : 0,
            "5.000000" : 0,
            "10.000000" : 0,
            "20.000000" : 0,
            "30.000000" : 0,
            "40.000000" : 0,
            "50.000000" : 0,
            "60.000000" : 0,
            "70.000000" : 0,
            "80.000000" : 0,
            "90.000000" : 0,
            "95.000000" : 0,
            "99.000000" : 0,
            "99.500000" : 0,
            "99.900000" : 0,
            "99.950000" : 0,
            "99.990000" : 0
          }
        },
        "total_ios" : 0
      },
      "job_runtime" : 320071,
      "usr_cpu" : 0.951976,
      "sys_cpu" : 10.855092,
      "ctx" : 11211,
      "majf" : 0,
      "minf" : 192,
      "iodepth_level" : {
        "1" : 0.100000,
        "2" : 0.136466,
        "4" : 99.795300,
        "8" : 0.000000,
        "16" : 0.000000,
        "32" : 0.000000,
        ">=64" : 0.000000
      },
      "iodepth_submit" : {
        "0" : 0.000000,
        "4" : 100.000000,
        "8" : 0.000000,
        "16" : 0.000000,
        "32" : 0.000000,
        "64" : 0.000000,
        ">=64" : 0.000000
      },
      "iodepth_complete" : {
        "0" : 0.000000,
        "4" : 100.000000,
        "8" : 0.000000,
        "16" : 0.000000,
        "32" : 0.000000,
        "64" : 0.000000,
        ">=64" : 0.000000
      },
      "latency_ns" : {
        "2" : 0.000000,
        "4" : 0.000000,
        "10" : 0.000000,
        "20" : 0.000000,
        "50" : 0.000000,
        "100" : 0.000000,
        "250" : 0.000000,
        "500" : 0.000000,
        "750" : 0.000000,
        "1000" : 0.000000
      },
      "latency_us" : {
        "2" : 0.000000,
        "4" : 0.000000,
        "10" : 0.051175,
        "20" : 0.010000,
        "50" : 0.000000,
        "100" : 0.000000,
        "250" : 0.000000,
        "500" : 0.010000,
        "750" : 0.000000,
        "1000" : 0.000000
      },
      "latency_ms" : {
        "2" : 0.034117,
        "4" : 6.047166,
        "10" : 1.590686,
        "20" : 4.149431,
        "50" : 60.053734,
        "100" : 26.743145,
        "250" : 1.317753,
        "500" : 0.000000,
        "750" : 0.000000,
        "1000" : 0.000000,
        "2000" : 0.000000,
        ">=2000" : 0.000000
      },
      "latency_depth" : 4,
      "latency_target" : 0,
      "latency_percentile" : 100.000000,
      "latency_window" : 0
    }
  ],
  "disk_util" : [
    {
      "name" : "sda",
      "read_ios" : 0,
      "write_ios" : 23612,
      "read_merges" : 0,
      "write_merges" : 62,
      "read_ticks" : 0,