{
  "fio version" : "fio-3.16",
  "timestamp" : 1670057784,
  "timestamp_ms" : 1670057784916,
  "time" : "Sat Dec  3 08:56:24 2022",
  "jobs" : [
    {
      "jobname" : "randwrite_1m_4_64",
      "groupid" : 0,
      "error" : 0,
      "eta" : 0,
      "elapsed" : 58,
      "job options" : {
        "name" : "randwrite_1m_4_64",
        "directory" : "/mnt/test",
        "size" : "10m",
        "runtime" : "20",
        "ioengine" : "libaio",
        "direct" : "1",
        "rw" : "randwrite",
        "iodepth" : "4",
        "numjobs" : "64",
        "bs" : "1m"
      },
      "read" : {
        "io_bytes" : 0,
        "io_kbytes" : 0,
        "bw_bytes" : 0,
        "bw" : 0,
        "iops" : 0.000000,
        "runtime" : 0,
        "total_ios" : 0,
        "short_ios" : 0,
        "drop_ios" : 0,
        "slat_ns" : {
          "min" : 0,
          "max" : 0,
          "mean" : 0.000000,
          "stddev" : 0.000000
        },
        "clat_ns" : {
          "min" : 0,
          "max" : 0,
          "mean" : 0.000000,
          "stddev" : 0.000000,
          "percentile" : {
            "1.000000" : 0,
            "5.000000" : 0,
            "10.000000" : 0,
            "20.000000" : 0,
            "30.000000" : 0,
            "40.000000" : 0,
            "50.000000" : 0,
            "60.000000" : 0,
            "70.000000" : 0,
            "80.000000" : 0,
            "90.000000" : 0,
            "95.000000" : 0,
            "99.000000" : 0,
            "99.500000" : 0,
            "99.900000" : 0,
            "99.950000" : 0,
            "99.990000" : 0
          }
        },
        "lat_ns" : {
          "min" : 0,
          "max" : 0,
          "mean" : 0.000000,
          "stddev" : 0.000000
        },
        "bw_min" : 0,
        "bw_max" : 0,
        "bw_agg" : 0.000000,
        "bw_mean" : 0.000000,
        "bw_dev" : 0.000000,
        "bw_samples" : 0,
        "iops_min" : 0,
        "iops_max" : 0,
        "iops_mean" : 0.000000,
        "iops_stddev" : 0.000000,
        "iops_samples" : 0
      },
      "write" : {
        "io_bytes" : 49664753664,
        "io_kbytes" : 48500736,
        "bw_bytes" : 2437294678,
        "bw" : 2380170,
        "iops" : 2324.385336,
        "runtime" : 20377,
        "total_ios" : 47364,
        "short_ios" : 0,
        "drop_ios" : 0,
        "slat_ns" : {
          "min" : 37826,
          "max" : 3161950884,
          "mean" : 17720839.535090,
          "stddev" : 66319687.673020
        },
        "clat_ns" : {
          "min" : 3794,
          "max" : 3208129082,
          "mean" : 89850715.584410,
          "stddev" : 139691967.301222,
          "percentile" : {
            "1.000000" : 296960,
            "5.000000" : 1826816,
            "10.000000" : 2039808,
            "20.000000" : 3325952,
            "30.000000" : 7372800,
            "40.000000" : 33161216,
            "50.000000" : 51642368,
            "60.000000" : 70778880,
            "70.000000" : 96993280,
            "80.000000" : 139460608,
            "90.000000" : 223346688,
            "95.000000" : 316669952,
            "99.000000" : 591396864,
            "99.500000" : 826277888,
            "99.900000" : 1501560832,
            "99.950000" : 1853882368,
            "99.990000" : 3070230528
          }
        },
        "lat_ns" : {
          "min" : 921492,
          "max" : 3208986241,
          "mean" : 107585909.348281,
          "stddev" : 152883152.126478
        },
        "bw_min" : 379599,
        "bw_max" : 4800932,
        "bw_agg" : 85.296172,
        "bw_mean" : 2030193.901430,
        "bw_dev" : 50812.287844,
        "bw_samples" : 2396,
        "iops_min" : 329,
        "iops_max" : 4659,
        "iops_mean" : 1949.079278,
        "iops_stddev" : 49.619191,
        "iops_samples" : 2396
      },
      "trim" : {
        "io_bytes" : 0,
        "io_kbytes" : 0,
        "bw_bytes" : 0,
        "bw" : 0,
        "iops" : 0.000000,
        "runtime" : 0,
        "total_ios" : 0,
        "short_ios" : 0,
        "drop_ios" : 0,
        "slat_ns" : {
          "min" : 0,
          "max" : 0,
          "mean" : 0.000000,
          "stddev" : 0.000000
        },
        "clat_ns" : {
          "min" : 0,
          "max" : 0,
          "mean" : 0.000000,
          "stddev" : 0.000000,
          "percentile" : {
            "1.000000" : 0,
            "5.000000" : 0,
            "10.000000" : 0,
            "20.000000" : 0,
            "30.000000" : 0,
            "40.000000" : 0,
            "50.000000" : 0,
            "60.000000" : 0,
            "70.000000" : 0,
            "80.000000" : 0,
            "90.000000" : 0,
            "95.000000" : 0,
            "99.000000" : 0,
            "99.500000" : 0,
            "99.900000" : 0,
            "99.950000" : 0,
            "99.990000" : 0
          }
        },
        "lat_ns" : {
          "min" : 0,
          "max" : 0,
          "mean" : 0.000000,
          "stddev" : 0.000000
        },
        "bw_min" : 0,
        "bw_max" : 0,
        "bw_agg" : 0.000000,
        "bw_mean" : 0.000000,
        "bw_dev" : 0.000000,
        "bw_samples" : 0,
        "iops_min" : 0,
        "iops_max" : 0,
        "iops_mean" : 0.000000,
        "iops_stddev" : 0.000000,
        "iops_samples" : 0
      },
      "sync" : {
        "lat_ns" : {
          "min" : 0,
          "max" : 0,
          "mean" : 0.000000,
          "stddev" : 0.000000,
          "percentile" : {
            "1.000000" : 0,
            "5.000000" : 0,
            "10.000000" : 0,
            "20.000000" : 0,
            "30.000000" : 0,
            "40.000000" : 0,
            "50.000000" : 0,
            "60.000000" : 0,
            "70.000000" : 0,
            "80.000000" : 0,
            "90.000000" : 0,
            "95.000000" : 0,
            "99.000000" : 0,
            "99.500000" : 0,
            "99.900000" : 0,
            "99.950000" : 0,
            "99.990000" : 0
          }
        },
        "total_ios" : 0
      },
      "job_runtime" : 1283818,
      "usr_cpu" : 0.536992,
      "sys_cpu" : 4.492927,
      "ctx" : 18433,
      "majf" : 0,
      "minf" : 783,
      "iodepth_level" : {
        "1" : 0.135124,
        "2" : 0.270247,
        "4" : 99.594629,
        "8" : 0.000000,
        "16" : 0.000000,
        "32" : 0.000000,
        ">=64" : 0.000000
      },
      "iodepth_submit" : {
        "0" : 0.000000,
        "4" : 100.000000,
        "8" : 0.000000,
        "16" : 0.000000,
        "32" : 0.000000,
        "64" : 0.000000,
        ">=64" : 0.000000
      },
      "iodepth_complete" : {
        "0" : 0.000000,
        "4" : 100.000000,
        "8" : 0.000000,
        "16" : 0.000000,
        "32" : 0.000000,
        "64" : 0.000000,
        ">=64" : 0.000000
      },
      "latency_ns" : {
        "2" : 0.000000,
        "4" : 0.000000,
        "10" : 0.000000,
        "20" : 0.000000,
        "50" : 0.000000,
        "100" : 0.000000,
        "250" : 0.000000,
        "500" : 0.000000,
        "750" : 0.000000,
        "1000" : 0.000000
      },
      "latency_us" : {
        "2" : 0.000000,
        "4" : 0.010000,
        "10" : 0.067562,
        "20" : 0.035892,
        "50" : 0.010557,
        "100" : 0.010000,
        "250" : 0.346255,
        "500" : 1.292121,
        "750" : 0.211131,
        "1000" : 0.082341
      },
      "latency_ms" : {
        "2" : 7.212229,
        "4" : 14.494131,
        "10" : 8.044084,
        "20" : 2.630690,
        "50" : 14.561692,
        "100" : 21.871041,
        "250" : 21.015961,
        "500" : 6.602061,
        "750" : 0.916308,
        "1000" : 0.263914,
        "2000" : 0.297694,
        ">=2000" : 0.038004
      },
      "latency_depth" : 4,
      "latency_target" : 0,
      "latency_percentile" : 100.000000,
      "latency_window" : 0
    }
  ],
  "disk_util" : [
    {
      "name" : "sda",
      "read_ios" : 0,
      "write_ios" : 49987,
      "read_merges" : 0,
      "write_merges" : 303,
      "read_ticks" : 0,