{
  "fio version" : "fio-3.16",
  "timestamp" : 1670057622,
  "timestamp_ms" : 1670057622609,
  "time" : "Sat Dec  3 08:53:42 2022",
  "jobs" : [
    {
      "jobname" : "randwrite_512k_4_32",
      "groupid" : 0,
      "error" : 0,
      "eta" : 0,
      "elapsed" : 24,
      "job options" : {
        "name" : "randwrite_512k_4_32",
        "directory" : "/mnt/test",
        "size" : "10m",
        "runtime" : "20",
        "ioengine" : "libaio",
        "direct" : "1",
        "rw" : "randwrite",
        "iodepth" : "4",
        "numjobs" : "32",
        "bs" : "512k"
      },
      "read" : {
        "io_bytes" : 0,
        "io_kbytes" : 0,
        "bw_bytes" : 0,
        "bw" : 0,
        "iops" : 0.000000,
        "runtime" : 0,
        "total_ios" : 0,
        "short_ios" : 0,
        "drop_ios" : 0,
        "slat_ns" : {
          "min" : 0,
          "max" : 0,
          "mean" : 0.000000,
          "stddev" : 0.000000
        },
        "clat_ns" : {
          "min" : 0,
          "max" : 0,
          "mean" : 0.000000,
          "stddev" : 0.000000,
          "percentile" : {
            "1.000000" : 0,
            "5.000000" : 0,
            "10.000000" : 0,
            "20.000000" : 0,
            "30.000000" : 0,
            "40.000000" : 0,
            "50.000000" : 0,
            "60.000000" : 0,
            "70.000000" : 0,
            "80.000000" : 0,
            "90.000000" : 0,
            "95.000000" : 0,
            "99.000000" : 0,
            "99.500000" : 0,
            "99.900000" : 0,
            "99.950000" : 0,
            "99.990000" : 0
          }
        },
        "lat_ns" : {
          "min" : 0,
          "max" : 0,
          "mean" : 0.000000,
          "stddev" : 0.000000
        },
        "bw_min" : 0,
        "bw_max" : 0,
        "bw_agg" : 0.000000,
        "bw_mean" : 0.000000,
        "bw_dev" : 0.000000,
        "bw_samples" : 0,
        "iops_min" : 0,
        "iops_max" : 0,
        "iops_mean" : 0.000000,
        "iops_stddev" : 0.000000,
        "iops_samples" : 0
      },
      "write" : {
        "io_bytes" : 27793031168,
        "io_kbytes" : 27141632,
        "bw_bytes" : 1387916662,
        "bw" : 1355387,
        "iops" : 2647.240949,
        "runtime" : 20025,
        "total_ios" : 53011,
        "short_ios" : 0,
        "drop_ios" : 0,
        "slat_ns" : {
          "min" : 22903,
          "max" : 377028944,
          "mean" : 9126230.561525,
          "stddev" : 21688352.617881
        },
        "clat_ns" : {
          "min" : 3835,
          "max" : 752198476,
          "mean" : 38339073.631680,
          "stddev" : 47126485.825507,
          "percentile" : {
            "1.000000" : 913408,
            "5.000000" : 1056768,
            "10.000000" : 1253376,
            "20.000000" : 1613824,
            "30.000000" : 2023424,
            "40.000000" : 4014080,
            "50.000000" : 29753344,
            "60.000000" : 46399488,
            "70.000000" : 57933824,
            "80.000000" : 67633152,
            "90.000000" : 82313216,
            "95.000000" : 105381888,
            "99.000000" : 235929600,
            "99.500000" : 299892736,
            "99.900000" : 438304768,
            "99.950000" : 455081984,
            "99.990000" : 549453824
          }
        },
        "lat_ns" : {
          "min" : 466915,
          "max" : 752243311,
          "mean" : 47483311.538322,
          "stddev" : 48593869.741868
        },
        "bw_min" : 247864,
        "bw_max" : 4272778,
        "bw_agg" : 95.728157,
        "bw_mean" : 1297486.995513,
        "bw_dev" : 58933.970259,
        "bw_samples" : 1274,
        "iops_min" : 473,
        "iops_max" : 8339,
        "iops_mean" : 2523.181410,
        "iops_stddev" : 115.126567,
        "iops_samples" : 1274
      },
      "trim" : {
        "io_bytes" : 0,
        "io_kbytes" : 0,
        "bw_bytes" : 0,
        "bw" : 0,
        "iops" : 0.000000,
        "runtime" : 0,
        "total_ios" : 0,
        "short_ios" : 0,
        "drop_ios" : 0,
        "slat_ns" : {
          "min" : 0,
          "max" : 0,
          "mean" : 0.000000,
          "stddev" : 0.000000
        },
        "clat_ns" : {
          "min" : 0,
          "max" : 0,
          "mean" : 0.000000,
          "stddev" : 0.000000,
          "percentile" : {
            "1.000000" : 0,
            "5.000000" : 0,
            "10.000000" : 0,
            "20.000000" : 0,
            "30.000000" : 0,
            "40.000000" : 0,
            "50.000000" : 0,
            "60.000000" : 0,
            "70.000000" : 0,
            "80.000000" : 0,
            "90.000000" : 0,
            "95.000000" : 0,
            "99.000000" : 0,
            "99.500000" : 0,
            "99.900000" : 0,
            "99.950000" : 0,
            "99.990000" : 0
          }
        },
        "lat_ns" : {
          "min" : 0,
          "max" : 0,
          "mean" : 0.000000,
          "stddev" : 0.000000
        },
        "bw_min" : 0,
        "bw_max" : 0,
        "bw_agg" : 0.000000,
        "bw_mean" : 0.000000,
        "bw_dev" : 0.000000,
        "bw_samples" : 0,
        "iops_min" : 0,
        "iops_max" : 0,
        "iops_mean" : 0.000000,
        "iops_stddev" : 0.000000,
        "iops_samples" : 0
      },
      "sync" : {
        "lat_ns" : {
          "min" : 0,
          "max" : 0,
          "mean" : 0.000000,
          "stddev" : 0.000000,
          "percentile" : {
            "1.000000" : 0,
            "5.000000" : 0,
            "10.000000" : 0,
            "20.000000" : 0,
            "30.000000" : 0,
            "40.000000" : 0,
            "50.000000" : 0,
            "60.000000" : 0,
            "70.000000" : 0,
            "80.000000" : 0,
            "90.000000" : 0,
            "95.000000" : 0,
            "99.000000" : 0,
            "99.500000" : 0,
            "99.900000" : 0,
            "99.950000" : 0,
            "99.990000" : 0
          }
        },
        "total_ios" : 0
      },
      "job_runtime" : 640280,
      "usr_cpu" : 0.411539,
      "sys_cpu" : 5.363903,
      "ctx" : 13795,
      "majf" : 0,
      "minf" : 414,
      "iodepth_level" : {
        "1" : 0.100000,
        "2" : 0.120730,
        "4" : 99.818906,
        "8" : 0.000000,
        "16" : 0.000000,
        "32" : 0.000000,
        ">=64" : 0.000000
      },
      "iodepth_submit" : {
        "0" : 0.000000,
        "4" : 100.000000,
        "8" : 0.000000,
        "16" : 0.000000,
        "32" : 0.000000,
        "64" : 0.000000,
        ">=64" : 0.000000
      },
      "iodepth_complete" : {
        "0" : 0.000000,
        "4" : 100.000000,
        "8" : 0.000000,
        "16" : 0.000000,
        "32" : 0.000000,
        "64" : 0.000000,
        ">=64" : 0.000000
      },
      "latency_ns" : {
        "2" : 0.000000,
        "4" : 0.000000,
        "10" : 0.000000,
        "20" : 0.000000,
        "50" : 0.000000,
        "100" : 0.000000,
        "250" : 0.000000,
        "500" : 0.000000,
        "750" : 0.000000,
        "1000" : 0.000000
      },
      "latency_us" : {
        "2" : 0.000000,
        "4" : 0.010000,
        "10" : 0.050933,
        "20" : 0.000000,
        "50" : 0.000000,
        "100" : 0.010000,
        "250" : 0.522533,
        "500" : 0.016978,
        "750" : 0.010000,
        "1000" : 2.276886
      },
      "latency_ms" : {
        "2" : 26.790666,
        "4" : 10.328045,
        "10" : 3.003150,
        "20" : 3.110675,
        "50" : 16.589010,
        "100" : 31.706627,
        "250" : 4.708457,
        "500" : 0.854540,
        "750" : 0.028296,
        "1000" : 0.010000,
        "2000" : 0.000000,
        ">=2000" : 0.000000
      },
      "latency_depth" : 4,
      "latency_target" : 0,
      "latency_percentile" : 100.000000,
      "latency_window" : 0
    }
  ],
  "disk_util" : [
    {
      "name" : "sda",
      "read_ios" : 0,
      "write_ios" : 52365,
      "read_merges" : 0,
      "write_merges" : 595,
      "read_ticks" : 0,