{
  "fio version" : "fio-3.16",
  "timestamp" : 1670057598,
  "timestamp_ms" : 1670057598861,
  "time" : "Sat Dec  3 08:53:18 2022",
  "jobs" : [
    {
      "jobname" : "randwrite_128k_4_32",
      "groupid" : 0,
      "error" : 0,
      "eta" : 0,
      "elapsed" : 21,
      "job options" : {
        "name" : "randwrite_128k_4_32",
        "directory" : "/mnt/test",
        "size" : "10m",
        "runtime" : "20",
        "ioengine" : "libaio",
        "direct" : "1",
        "rw" : "randwrite",
        "iodepth" : "4",
        "numjobs" : "32",
        "bs" : "128k"
      },
      "read" : {
        "io_bytes" : 0,
        "io_kbytes" : 0,
        "bw_bytes" : 0,
        "bw" : 0,
        "iops" : 0.000000,
        "runtime" : 0,
        "total_ios" : 0,
        "short_ios" : 0,
        "drop_ios" : 0,
        "slat_ns" : {
          "min" : 0,
          "max" : 0,
          "mean" : 0.000000,
          "stddev" : 0.000000
        },
        "clat_ns" : {
          "min" : 0,
          "max" : 0,
          "mean" : 0.000000,
          "stddev" : 0.000000,
          "percentile" : {
            "1.000000" : 0,
            "5.000000" : 0,
            "10.000000" : 0,
            "20.000000" : 0,
            "30.000000" : 0,
            "40.000000" : 0,
            "50.000000" : 0,
            "60.000000" : 0,
            "70.000000" : 0,
            "80.000000" : 0,
            "90.000000" : 0,
            "95.000000" : 0,
            "99.000000" : 0,
            "99.500000" : 0,
            "99.900000" : 0,
            "99.950000" : 0,
            "99.990000" : 0
          }
        },
        "lat_ns" : {
          "min" : 0,
          "max" : 0,
          "mean" : 0.000000,
          "stddev" : 0.000000
        },
        "bw_min" : 0,
        "bw_max" : 0,
        "bw_agg" : 0.000000,
        "bw_mean" : 0.000000,
        "bw_dev" : 0.000000,
        "bw_samples" : 0,
        "iops_min" : 0,
        "iops_max" : 0,
        "iops_mean" : 0.000000,
        "iops_stddev" : 0.000000,
        "iops_samples" : 0
      },
      "write" : {
        "io_bytes" : 18400018432,
        "io_kbytes" : 17968768,
        "bw_bytes" : 919633068,
        "bw" : 898079,
        "iops" : 7016.243503,
        "runtime" : 20008,
        "total_ios" : 140381,
        "short_ios" : 0,
        "drop_ios" : 0,
        "slat_ns" : {
          "min" : 5246,
          "max" : 272452676,
          "mean" : 2615394.414265,
          "stddev" : 11265700.064359
        },
        "clat_ns" : {
          "min" : 1862,
          "max" : 758733009,
          "mean" : 15556887.944430,
          "stddev" : 29806460.157952,
          "percentile" : {
            "1.000000" : 313344,
            "5.000000" : 362496,
            "10.000000" : 399360,
            "20.000000" : 460800,
            "30.000000" : 544768,
            "40.000000" : 692224,
            "50.000000" : 888832,
            "60.000000" : 1335296,
            "70.000000" : 15663104,
            "80.000000" : 31850496,
            "90.000000" : 54263808,
            "95.000000" : 65273856,
            "99.000000" : 101187584,
            "99.500000" : 128450560,
            "99.900000" : 325058560,
            "99.950000" : 501219328,
            "99.990000" : 534773760
          }
        },
        "lat_ns" : {
          "min" : 154397,
          "max" : 758747890,
          "mean" : 18181613.248908,
          "stddev" : 30833559.750745
        },
        "bw_min" : 61425,
        "bw_max" : 1483766,
        "bw_agg" : 99.693331,
        "bw_mean" : 895324.868590,
        "bw_dev" : 13276.015200,
        "bw_samples" : 1273,
        "iops_min" : 477,
        "iops_max" : 11590,
        "iops_mean" : 6990.290385,
        "iops_stddev" : 103.777018,
        "iops_samples" : 1273
      },
      "trim" : {
        "io_bytes" : 0,
        "io_kbytes" : 0,
        "bw_bytes" : 0,
        "bw" : 0,
        "iops" : 0.000000,
        "runtime" : 0,
        "total_ios" : 0,
        "short_ios" : 0,
        "drop_ios" : 0,
        "slat_ns" : {
          "min" : 0,
          "max" : 0,
          "mean" : 0.000000,
          "stddev" : 0.000000
        },
        "clat_ns" : {
          "min" : 0,
          "max" : 0,
          "mean" : 0.000000,
          "stddev" : 0.000000,
          "percentile" : {
            "1.000000" : 0,
            "5.000000" : 0,
            "10.000000" : 0,
            "20.000000" : 0,
            "30.000000" : 0,
            "40.000000" : 0,
            "50.000000" : 0,
            "60.000000" : 0,
            "70.000000" : 0,
            "80.000000" : 0,
            "90.000000" : 0,
            "95.000000" : 0,
            "99.000000" : 0,
            "99.500000" : 0,
            "99.900000" : 0,
            "99.950000" : 0,
            "99.990000" : 0
          }
        },
        "lat_ns" : {
          "min" : 0,
          "max" : 0,
          "mean" : 0.000000,
          "stddev" : 0.000000
        },
        "bw_min" : 0,
        "bw_max" : 0,
        "bw_agg" : 0.000000,
        "bw_mean" : 0.000000,
        "bw_dev" : 0.000000,
        "bw_samples" : 0,
        "iops_min" : 0,
        "iops_max" : 0,
        "iops_mean" : 0.000000,
        "iops_stddev" : 0.000000,
        "iops_samples" : 0
      },
      "sync" : {
        "lat_ns" : {
          "min" : 0,
          "max" : 0,
          "mean" : 0.000000,
          "stddev" : 0.000000,
          "percentile" : {
            "1.000000" : 0,
            "5.000000" : 0,
            "10.000000" : 0,
            "20.000000" : 0,
            "30.000000" : 0,
            "40.000000" : 0,
            "50.000000" : 0,
            "60.000000" : 0,
            "70.000000" : 0,
            "80.000000" : 0,
            "90.000000" : 0,
            "95.000000" : 0,
            "99.000000" : 0,
            "99.500000" : 0,
            "99.900000" : 0,
            "99.950000" : 0,
            "99.990000" : 0
          }
        },
        "total_ios" : 0
      },
      "job_runtime" : 640102,
      "usr_cpu" : 0.231526,
      "sys_cpu" : 4.663007,
      "ctx" : 18470,
      "majf" : 0,
      "minf" : 350,
      "iodepth_level" : {
        "1" : 0.100000,
        "2" : 0.100000,
        "4" : 99.931615,
        "8" : 0.000000,
        "16" : 0.000000,
        "32" : 0.000000,
        ">=64" : 0.000000
      },
      "iodepth_submit" : {
        "0" : 0.000000,
        "4" : 100.000000,
        "8" : 0.000000,
        "16" : 0.000000,
        "32" : 0.000000,
        "64" : 0.000000,
        ">=64" : 0.000000
      },
      "iodepth_complete" : {
        "0" : 0.000000,
        "4" : 100.000000,
        "8" : 0.000000,
        "16" : 0.000000,
        "32" : 0.000000,
        "64" : 0.000000,
        ">=64" : 0.000000
      },
      "latency_ns" : {
        "2" : 0.000000,
        "4" : 0.000000,
        "10" : 0.000000,
        "20" : 0.000000,
        "50" : 0.000000,
        "100" : 0.000000,
        "250" : 0.000000,
        "500" : 0.000000,
        "750" : 0.000000,
        "1000" : 0.000000
      },
      "latency_us" : {
        "2" : 0.010000,
        "4" : 0.010000,
        "10" : 0.014247,
        "20" : 0.010000,
        "50" : 0.010000,
        "100" : 0.030631,
        "250" : 0.025644,
        "500" : 25.357420,
        "750" : 17.750978,
        "1000" : 10.927405
      },
      "latency_ms" : {
        "2" : 8.219773,
        "4" : 0.715197,
        "10" : 2.932733,
        "20" : 6.919028,
        "50" : 15.442261,
        "100" : 10.621095,
        "250" : 0.841282,
        "500" : 0.153867,
        "750" : 0.042028,
        "1000" : 0.010000,
        "2000" : 0.000000,
        ">=2000" : 0.000000
      },
      "latency_depth" : 4,
      "latency_target" : 0,
      "latency_percentile" : 100.000000,
      "latency_window" : 0
    }
  ],
  "disk_util" : [
    {
      "name" : "sda",
      "read_ios" : 0,
      "write_ios" : 138167,
      "read_merges" : 0,
      "write_merges" : 865,
      "read_ticks" : 0,