{
  "fio version" : "fio-3.16",
  "timestamp" : 1670057654,
  "timestamp_ms" : 1670057654415,
  "time" : "Sat Dec  3 08:54:14 2022",
  "jobs" : [
    {
      "jobname" : "randwrite_1m_4_32",
      "groupid" : 0,
      "error" : 0,
      "eta" : 0,
      "elapsed" : 31,
      "job options" : {
        "name" : "randwrite_1m_4_32",
        "directory" : "/mnt/test",
        "size" : "10m",
        "runtime" : "20",
        "ioengine" : "libaio",
        "direct" : "1",
        "rw" : "randwrite",
        "iodepth" : "4",
        "numjobs" : "32",
        "bs" : "1m"
      },
      "read" : {
        "io_bytes" : 0,
        "io_kbytes" : 0,
        "bw_bytes" : 0,
        "bw" : 0,
        "iops" : 0.000000,
        "runtime" : 0,
        "total_ios" : 0,
        "short_ios" : 0,
        "drop_ios" : 0,
        "slat_ns" : {
          "min" : 0,
          "max" : 0,
          "mean" : 0.000000,
          "stddev" : 0.000000
        },
        "clat_ns" : {
          "min" : 0,
          "max" : 0,
          "mean" : 0.000000,
          "stddev" : 0.000000,
          "percentile" : {
            "1.000000" : 0,
            "5.000000" : 0,
            "10.000000" : 0,
            "20.000000" : 0,
            "30.000000" : 0,
            "40.000000" : 0,
            "50.000000" : 0,
            "60.000000" : 0,
            "70.000000" : 0,
            "80.000000" : 0,
            "90.000000" : 0,
            "95.000000" : 0,
            "99.000000" : 0,
            "99.500000" : 0,
            "99.900000" : 0,
            "99.950000" : 0,
            "99.990000" : 0
          }
        },
        "lat_ns" : {
          "min" : 0,
          "max" : 0,
          "mean" : 0.000000,
          "stddev" : 0.000000
        },
        "bw_min" : 0,
        "bw_max" : 0,
        "bw_agg" : 0.000000,
        "bw_mean" : 0.000000,
        "bw_dev" : 0.000000,
        "bw_samples" : 0,
        "iops_min" : 0,
        "iops_max" : 0,
        "iops_mean" : 0.000000,
        "iops_stddev" : 0.000000,
        "iops_samples" : 0
      },
      "write" : {
        "io_bytes" : 38125174784,
        "io_kbytes" : 37231616,
        "bw_bytes" : 1902928614,
        "bw" : 1858328,
        "iops" : 1814.774145,
        "runtime" : 20035,
        "total_ios" : 36359,
        "short_ios" : 0,
        "drop_ios" : 0,
        "slat_ns" : {
          "min" : 39358,
          "max" : 759437539,
          "mean" : 16654285.765698,
          "stddev" : 28521068.197320
        },
        "clat_ns" : {
          "min" : 4819,
          "max" : 784211237,
          "mean" : 53431261.300861,
          "stddev" : 45479403.825424,
          "percentile" : {
            "1.000000" : 2007040,
            "5.000000" : 2899968,
            "10.000000" : 3555328,
            "20.000000" : 12124160,
            "30.000000" : 23461888,
            "40.000000" : 35913728,
            "50.000000" : 48496640,
            "60.000000" : 58982400,
            "70.000000" : 68681728,
            "80.000000" : 83361792,
            "90.000000" : 109576192,
            "95.000000" : 133693440,
            "99.000000" : 185597952,
            "99.500000" : 212860928,
            "99.900000" : 362807296,
            "99.950000" : 442499072,
            "99.990000" : 742391808
          }
        },
        "lat_ns" : {
          "min" : 804458,
          "max" : 784298604,
          "mean" : 70103815.987706,
          "stddev" : 52872235.322771
        },
        "bw_min" : 638580,
        "bw_max" : 4190888,
        "bw_agg" : 94.152004,
        "bw_mean" : 1749653.049359,
        "bw_dev" : 40094.623392,
        "bw_samples" : 1256,
        "iops_min" : 600,
        "iops_max" : 4080,
        "iops_mean" : 1691.412821,
        "iops_stddev" : 39.200044,
        "iops_samples" : 1256
      },
      "trim" : {
        "io_bytes" : 0,
        "io_kbytes" : 0,
        "bw_bytes" : 0,
        "bw" : 0,
        "iops" : 0.000000,
        "runtime" : 0,
        "total_ios" : 0,
        "short_ios" : 0,
        "drop_ios" : 0,
        "slat_ns" : {
          "min" : 0,
          "max" : 0,
          "mean" : 0.000000,
          "stddev" : 0.000000
        },
        "clat_ns" : {
          "min" : 0,
          "max" : 0,
          "mean" : 0.000000,
          "stddev" : 0.000000,
          "percentile" : {
            "1.000000" : 0,
            "5.000000" : 0,
            "10.000000" : 0,
            "20.000000" : 0,
            "30.000000" : 0,
            "40.000000" : 0,
            "50.000000" : 0,
            "60.000000" : 0,
            "70.000000" : 0,
            "80.000000" : 0,
            "90.000000" : 0,
            "95.000000" : 0,
            "99.000000" : 0,
            "99.500000" : 0,
            "99.900000" : 0,
            "99.950000" : 0,
            "99.990000" : 0
          }
        },
        "lat_ns" : {
          "min" : 0,
          "max" : 0,
          "mean" : 0.000000,
          "stddev" : 0.000000
        },
        "bw_min" : 0,
        "bw_max" : 0,
        "bw_agg" : 0.000000,
        "bw_mean" : 0.000000,
        "bw_dev" : 0.000000,
        "bw_samples" : 0,
        "iops_min" : 0,
        "iops_max" : 0,
        "iops_mean" : 0.000000,
        "iops_stddev" : 0.000000,
        "iops_samples" : 0
      },
      "sync" : {
        "lat_ns" : {
          "min" : 0,
          "max" : 0,
          "mean" : 0.000000,
          "stddev" : 0.000000,
          "percentile" : {
            "1.000000" : 0,
            "5.000000" : 0,
            "10.000000" : 0,
            "20.000000" : 0,
            "30.000000" : 0,
            "40.000000" : 0,
            "50.000000" : 0,
            "60.000000" : 0,
            "70.000000" : 0,
            "80.000000" : 0,
            "90.000000" : 0,
            "95.000000" : 0,
            "99.000000" : 0,
            "99.500000" : 0,
            "99.900000" : 0,
            "99.950000" : 0,
            "99.990000" : 0
          }
        },
        "total_ios" : 0
      },
      "job_runtime" : 640443,
      "usr_cpu" : 0.593027,
      "sys_cpu" : 7.204857,
      "ctx" : 15306,
      "majf" : 0,
      "minf" : 346,
      "iodepth_level" : {
        "1" : 0.100000,
        "2" : 0.176022,
        "4" : 99.735966,
        "8" : 0.000000,
        "16" : 0.000000,
        "32" : 0.000000,
        ">=64" : 0.000000
      },
      "iodepth_submit" : {
        "0" : 0.000000,
        "4" : 100.000000,
        "8" : 0.000000,
        "16" : 0.000000,
        "32" : 0.000000,
        "64" : 0.000000,
        ">=64" : 0.000000
      },
      "iodepth_complete" : {
        "0" : 0.000000,
        "4" : 100.000000,
        "8" : 0.000000,
        "16" : 0.000000,
        "32" : 0.000000,
        "64" : 0.000000,
        ">=64" : 0.000000
      },
      "latency_ns" : {
        "2" : 0.000000,
        "4" : 0.000000,
        "10" : 0.000000,
        "20" : 0.000000,
        "50" : 0.000000,
        "100" : 0.000000,
        "250" : 0.000000,
        "500" : 0.000000,
        "750" : 0.000000,
        "1000" : 0.000000
      },
      "latency_us" : {
        "2" : 0.000000,
        "4" : 0.000000,
        "10" : 0.055007,
        "20" : 0.019252,
        "50" : 0.010000,
        "100" : 0.010000,
        "250" : 0.060508,
        "500" : 0.085261,
        "750" : 0.010000,
        "1000" : 0.010000
      },
      "latency_ms" : {
        "2" : 0.748095,
        "4" : 11.064661,
        "10" : 6.169037,
        "20" : 9.084408,
        "50" : 23.653016,
        "100" : 36.092852,
        "250" : 12.646112,
        "500" : 0.264034,
        "750" : 0.027504,
        "1000" : 0.010000,
        "2000" : 0.000000,
        ">=2000" : 0.000000
      },
      "latency_depth" : 4,
      "latency_target" : 0,
      "latency_percentile" : 100.000000,
      "latency_window" : 0
    }
  ],
  "disk_util" : [
    {
      "name" : "sda",
      "read_ios" : 0,
      "write_ios" : 40859,
      "read_merges" : 0,
      "write_merges" : 101,
      "read_ticks" : 0,