{
  "fio version" : "fio-3.16",
  "timestamp" : 1670057722,
  "timestamp_ms" : 1670057722696,
  "time" : "Sat Dec  3 08:55:22 2022",
  "jobs" : [
    {
      "jobname" : "randwrite_512k_4_64",
      "groupid" : 0,
      "error" : 0,
      "eta" : 0,
      "elapsed" : 25,
      "job options" : {
        "name" : "randwrite_512k_4_64",
        "directory" : "/mnt/test",
        "size" : "10m",
        "runtime" : "20",
        "ioengine" : "libaio",
        "direct" : "1",
        "rw" : "randwrite",
        "iodepth" : "4",
        "numjobs" : "64",
        "bs" : "512k"
      },
      "read" : {
        "io_bytes" : 0,
        "io_kbytes" : 0,
        "bw_bytes" : 0,
        "bw" : 0,
        "iops" : 0.000000,
        "runtime" : 0,
        "total_ios" : 0,
        "short_ios" : 0,
        "drop_ios" : 0,
        "slat_ns" : {
          "min" : 0,
          "max" : 0,
          "mean" : 0.000000,
          "stddev" : 0.000000
        },
        "clat_ns" : {
          "min" : 0,
          "max" : 0,
          "mean" : 0.000000,
          "stddev" : 0.000000,
          "percentile" : {
            "1.000000" : 0,
            "5.000000" : 0,
            "10.000000" : 0,
            "20.000000" : 0,
            "30.000000" : 0,
            "40.000000" : 0,
            "50.000000" : 0,
            "60.000000" : 0,
            "70.000000" : 0,
            "80.000000" : 0,
            "90.000000" : 0,
            "95.000000" : 0,
            "99.000000" : 0,
            "99.500000" : 0,
            "99.900000" : 0,
            "99.950000" : 0,
            "99.990000" : 0
          }
        },
        "lat_ns" : {
          "min" : 0,
          "max" : 0,
          "mean" : 0.000000,
          "stddev" : 0.000000
        },
        "bw_min" : 0,
        "bw_max" : 0,
        "bw_agg" : 0.000000,
        "bw_mean" : 0.000000,
        "bw_dev" : 0.000000,
        "bw_samples" : 0,
        "iops_min" : 0,
        "iops_max" : 0,
        "iops_mean" : 0.000000,
        "iops_stddev" : 0.000000,
        "iops_samples" : 0
      },
      "write" : {
        "io_bytes" : 7899447296,
        "io_kbytes" : 7714304,
        "bw_bytes" : 386924338,
        "bw" : 377855,
        "iops" : 737.999608,
        "runtime" : 20416,
        "total_ios" : 15067,
        "short_ios" : 0,
        "drop_ios" : 0,
        "slat_ns" : {
          "min" : 20264,
          "max" : 1560739307,
          "mean" : 5320773.015000,
          "stddev" : 52393896.686455
        },
        "clat_ns" : {
          "min" : 8014,
          "max" : 4754078822,
          "mean" : 319793677.085020,
          "stddev" : 667867890.800735,
          "percentile" : {
            "1.000000" : 962560,
            "5.000000" : 1056768,
            "10.000000" : 1171456,
            "20.000000" : 1695744,
            "30.000000" : 2768896,
            "40.000000" : 6651904,
            "50.000000" : 15794176,
            "60.000000" : 101187584,
            "70.000000" : 274726912,
            "80.000000" : 429916160,
            "90.000000" : 775946240,
            "95.000000" : 1652555776,
            "99.000000" : 3439329280,
            "99.500000" : 4278190080,
            "99.900000" : 4596957184,
            "99.950000" : 4664066048,
            "99.990000" : 4731174912
          }
        },
        "lat_ns" : {
          "min" : 449953,
          "max" : 4754114886,
          "mean" : 325116817.150793,
          "stddev" : 673428928.349596
        },
        "bw_min" : 112927,
        "bw_max" : 2947570,
        "bw_agg" : 100.000000,
        "bw_mean" : 570908.053782,
        "bw_dev" : 38778.483673,
        "bw_samples" : 1319,
        "iops_min" : 191,
        "iops_max" : 5742,
        "iops_mean" : 1097.937675,
        "iops_stddev" : 75.731182,
        "iops_samples" : 1319
      },
      "trim" : {
        "io_bytes" : 0,
        "io_kbytes" : 0,
        "bw_bytes" : 0,
        "bw" : 0,
        "iops" : 0.000000,
        "runtime" : 0,
        "total_ios" : 0,
        "short_ios" : 0,
        "drop_ios" : 0,
        "slat_ns" : {
          "min" : 0,
          "max" : 0,
          "mean" : 0.000000,
          "stddev" : 0.000000
        },
        "clat_ns" : {
          "min" : 0,
          "max" : 0,
          "mean" : 0.000000,
          "stddev" : 0.000000,
          "percentile" : {
            "1.000000" : 0,
            "5.000000" : 0,
            "10.000000" : 0,
            "20.000000" : 0,
            "30.000000" : 0,
            "40.000000" : 0,
            "50.000000" : 0,
            "60.000000" : 0,
            "70.000000" : 0,
            "80.000000" : 0,
            "90.000000" : 0,
            "95.000000" : 0,
            "99.000000" : 0,
            "99.500000" : 0,
            "99.900000" : 0,
            "99.950000" : 0,
            "99.990000" : 0
          }
        },
        "lat_ns" : {
          "min" : 0,
          "max" : 0,
          "mean" : 0.000000,
          "stddev" : 0.000000
        },
        "bw_min" : 0,
        "bw_max" : 0,
        "bw_agg" : 0.000000,
        "bw_mean" : 0.000000,
        "bw_dev" : 0.000000,
        "bw_samples" : 0,
        "iops_min" : 0,
        "iops_max" : 0,
        "iops_mean" : 0.000000,
        "iops_stddev" : 0.000000,
        "iops_samples" : 0
      },
      "sync" : {
        "lat_ns" : {
          "min" : 0,
          "max" : 0,
          "mean" : 0.000000,
          "stddev" : 0.000000,
          "percentile" : {
            "1.000000" : 0,
            "5.000000" : 0,
            "10.000000" : 0,
            "20.000000" : 0,
            "30.000000" : 0,
            "40.000000" : 0,
            "50.000000" : 0,
            "60.000000" : 0,
            "70.000000" : 0,
            "80.000000" : 0,
            "90.000000" : 0,
            "95.000000" : 0,
            "99.000000" : 0,
            "99.500000" : 0,
            "99.900000" : 0,
            "99.950000" : 0,
            "99.990000" : 0
          }
        },
        "total_ios" : 0
      },
      "job_runtime" : 1289449,
      "usr_cpu" : 0.107643,
      "sys_cpu" : 0.662531,
      "ctx" : 4654,
      "majf" : 0,
      "minf" : 706,
      "iodepth_level" : {
        "1" : 0.424769,
        "2" : 0.849539,
        "4" : 98.725692,
        "8" : 0.000000,
        "16" : 0.000000,
        "32" : 0.000000,
        ">=64" : 0.000000
      },
      "iodepth_submit" : {
        "0" : 0.000000,
        "4" : 100.000000,
        "8" : 0.000000,
        "16" : 0.000000,
        "32" : 0.000000,
        "64" : 0.000000,
        ">=64" : 0.000000
      },
      "iodepth_complete" : {
        "0" : 0.000000,
        "4" : 100.000000,
        "8" : 0.000000,
        "16" : 0.000000,
        "32" : 0.000000,
        "64" : 0.000000,
        ">=64" : 0.000000
      },
      "latency_ns" : {
        "2" : 0.000000,
        "4" : 0.000000,
        "10" : 0.000000,
        "20" : 0.000000,
        "50" : 0.000000,
        "100" : 0.000000,
        "250" : 0.000000,
        "500" : 0.000000,
        "750" : 0.000000,
        "1000" : 0.000000
      },
      "latency_us" : {
        "2" : 0.000000,
        "4" : 0.000000,
        "10" : 0.013274,
        "20" : 0.000000,
        "50" : 0.010000,
        "100" : 0.010000,
        "250" : 0.172563,
        "500" : 0.039822,
        "750" : 0.013274,
        "1000" : 1.904825
      },
      "latency_ms" : {
        "2" : 22.512776,
        "4" : 10.639145,
        "10" : 8.448928,
        "20" : 9.928984,
        "50" : 3.544169,
        "100" : 2.761001,
        "250" : 6.842769,
        "500" : 16.466450,
        "750" : 6.252074,
        "1000" : 2.150395,
        "2000" : 4.373797,
        ">=2000" : 3.922480
      },
      "latency_depth" : 4,
      "latency_target" : 0,
      "latency_percentile" : 100.000000,
      "latency_window" : 0
    }
  ],
  "disk_util" : [
    {
      "name" : "sda",
      "read_ios" : 0,
      "write_ios" : 14114,
      "read_merges" : 0,
      "write_merges" : 1276,
      "read_ticks" : 0,