{
  "fio version" : "fio-3.16",
  "timestamp" : 1670057536,
  "timestamp_ms" : 1670057536815,
  "time" : "Sat Dec  3 08:52:16 2022",
  "jobs" : [
    {
      "jobname" : "randwrite_512k_4_16",
      "groupid" : 0,
      "error" : 0,
      "eta" : 0,
      "elapsed" : 21,
      "job options" : {
        "name" : "randwrite_512k_4_16",
        "directory" : "/mnt/test",
        "size" : "10m",
        "runtime" : "20",
        "ioengine" : "libaio",
        "direct" : "1",
        "rw" : "randwrite",
        "iodepth" : "4",
        "numjobs" : "16",
        "bs" : "512k"
      },
      "read" : {
        "io_bytes" : 0,
        "io_kbytes" : 0,
        "bw_bytes" : 0,
        "bw" : 0,
        "iops" : 0.000000,
        "runtime" : 0,
        "total_ios" : 0,
        "short_ios" : 0,
        "drop_ios" : 0,
        "slat_ns" : {
          "min" : 0,
          "max" : 0,
          "mean" : 0.000000,
          "stddev" : 0.000000
        },
        "clat_ns" : {
          "min" : 0,
          "max" : 0,
          "mean" : 0.000000,
          "stddev" : 0.000000,
          "percentile" : {
            "1.000000" : 0,
            "5.000000" : 0,
            "10.000000" : 0,
            "20.000000" : 0,
            "30.000000" : 0,
            "40.000000" : 0,
            "50.000000" : 0,
            "60.000000" : 0,
            "70.000000" : 0,
            "80.000000" : 0,
            "90.000000" : 0,
            "95.000000" : 0,
            "99.000000" : 0,
            "99.500000" : 0,
            "99.900000" : 0,
            "99.950000" : 0,
            "99.990000" : 0
          }
        },
        "lat_ns" : {
          "min" : 0,
          "max" : 0,
          "mean" : 0.000000,
          "stddev" : 0.000000
        },
        "bw_min" : 0,
        "bw_max" : 0,
        "bw_agg" : 0.000000,
        "bw_mean" : 0.000000,
        "bw_dev" : 0.000000,
        "bw_samples" : 0,
        "iops_min" : 0,
        "iops_max" : 0,
        "iops_mean" : 0.000000,
        "iops_stddev" : 0.000000,
        "iops_samples" : 0
      },
      "write" : {
        "io_bytes" : 28460974080,
        "io_kbytes" : 27793920,
        "bw_bytes" : 1420917328,
        "bw" : 1387614,
        "iops" : 2710.184723,
        "runtime" : 20030,
        "total_ios" : 54285,
        "short_ios" : 0,
        "drop_ios" : 0,
        "slat_ns" : {
          "min" : 30079,
          "max" : 85058820,
          "mean" : 5460558.708004,
          "stddev" : 10984038.914622
        },
        "clat_ns" : {
          "min" : 5609,
          "max" : 144485521,
          "mean" : 18070160.397882,
          "stddev" : 15990739.618551,
          "percentile" : {
            "1.000000" : 978944,
            "5.000000" : 1220608,
            "10.000000" : 1368064,
            "20.000000" : 1613824,
            "30.000000" : 1990656,
            "40.000000" : 5275648,
            "50.000000" : 17694720,
            "60.000000" : 24510464,
            "70.000000" : 28966912,
            "80.000000" : 33423360,
            "90.000000" : 38535168,
            "95.000000" : 43778048,
            "99.000000" : 56885248,
            "99.500000" : 62128128,
            "99.900000" : 73924608,
            "99.950000" : 78118912,
            "99.990000" : 89653248
          }
        },
        "lat_ns" : {
          "min" : 516821,
          "max" : 156301562,
          "mean" : 23542775.129999,
          "stddev" : 17264341.784031
        },
        "bw_min" : 939551,
        "bw_max" : 1837911,
        "bw_agg" : 99.291369,
        "bw_mean" : 1377780.936538,
        "bw_dev" : 17350.718922,
        "bw_samples" : 632,
        "iops_min" : 1828,
        "iops_max" : 3585,
        "iops_mean" : 2686.015385,
        "iops_stddev" : 33.946401,
        "iops_samples" : 632
      },
      "trim" : {
        "io_bytes" : 0,
        "io_kbytes" : 0,
        "bw_bytes" : 0,
        "bw" : 0,
        "iops" : 0.000000,
        "runtime" : 0,
        "total_ios" : 0,
        "short_ios" : 0,
        "drop_ios" : 0,
        "slat_ns" : {
          "min" : 0,
          "max" : 0,
          "mean" : 0.000000,
          "stddev" : 0.000000
        },
        "clat_ns" : {
          "min" : 0,
          "max" : 0,
          "mean" : 0.000000,
          "stddev" : 0.000000,
          "percentile" : {
            "1.000000" : 0,
            "5.000000" : 0,
            "10.000000" : 0,
            "20.000000" : 0,
            "30.000000" : 0,
            "40.000000" : 0,
            "50.000000" : 0,
            "60.000000" : 0,
            "70.000000" : 0,
            "80.000000" : 0,
            "90.000000" : 0,
            "95.000000" : 0,
            "99.000000" : 0,
            "99.500000" : 0,
            "99.900000" : 0,
            "99.950000" : 0,
            "99.990000" : 0
          }
        },
        "lat_ns" : {
          "min" : 0,
          "max" : 0,
          "mean" : 0.000000,
          "stddev" : 0.000000
        },
        "bw_min" : 0,
        "bw_max" : 0,
        "bw_agg" : 0.000000,
        "bw_mean" : 0.000000,
        "bw_dev" : 0.000000,
        "bw_samples" : 0,
        "iops_min" : 0,
        "iops_max" : 0,
        "iops_mean" : 0.000000,
        "iops_stddev" : 0.000000,
        "iops_samples" : 0
      },
      "sync" : {
        "lat_ns" : {
          "min" : 0,
          "max" : 0,
          "mean" : 0.000000,
          "stddev" : 0.000000,
          "percentile" : {
            "1.000000" : 0,
            "5.000000" : 0,
            "10.000000" : 0,
            "20.000000" : 0,
            "30.000000" : 0,
            "40.000000" : 0,
            "50.000000" : 0,
            "60.000000" : 0,
            "70.000000" : 0,
            "80.000000" : 0,
            "90.000000" : 0,
            "95.000000" : 0,
            "99.000000" : 0,
            "99.500000" : 0,
            "99.900000" : 0,
            "99.950000" : 0,
            "99.990000" : 0
          }
        },
        "total_ios" : 0
      },
      "job_runtime" : 320119,
      "usr_cpu" : 0.765028,
      "sys_cpu" : 11.378581,
      "ctx" : 13577,
      "majf" : 0,
      "minf" : 164,
      "iodepth_level" : {
        "1" : 0.100000,
        "2" : 0.100000,
        "4" : 99.911578,
        "8" : 0.000000,
        "16" : 0.000000,
        "32" : 0.000000,
        ">=64" : 0.000000
      },
      "iodepth_submit" : {
        "0" : 0.000000,
        "4" : 100.000000,
        "8" : 0.000000,
        "16" : 0.000000,
        "32" : 0.000000,
        "64" : 0.000000,
        ">=64" : 0.000000
      },
      "iodepth_complete" : {
        "0" : 0.000000,
        "4" : 100.000000,
        "8" : 0.000000,
        "16" : 0.000000,
        "32" : 0.000000,
        "64" : 0.000000,
        ">=64" : 0.000000
      },
      "latency_ns" : {
        "2" : 0.000000,
        "4" : 0.000000,
        "10" : 0.000000,
        "20" : 0.000000,
        "50" : 0.000000,
        "100" : 0.000000,
        "250" : 0.000000,
        "500" : 0.000000,
        "750" : 0.000000,
        "1000" : 0.000000
      },
      "latency_us" : {
        "2" : 0.000000,
        "4" : 0.000000,
        "10" : 0.016579,
        "20" : 0.010000,
        "50" : 0.010000,
        "100" : 0.010000,
        "250" : 0.010000,
        "500" : 0.010000,
        "750" : 0.010000,
        "1000" : 1.298701
      },
      "latency_ms" : {
        "2" : 28.693009,
        "4" : 9.354334,
        "10" : 3.722944,
        "20" : 9.803813,
        "50" : 44.815327,
        "100" : 2.260293,
        "250" : 0.010000,
        "500" : 0.000000,
        "750" : 0.000000,
        "1000" : 0.000000,
        "2000" : 0.000000,
        ">=2000" : 0.000000
      },
      "latency_depth" : 4,
      "latency_target" : 0,
      "latency_percentile" : 100.000000,
      "latency_window" : 0
    }
  ],
  "disk_util" : [
    {
      "name" : "sda",
      "read_ios" : 0,
      "write_ios" : 54072,
      "read_merges" : 0,
      "write_merges" : 67,
      "read_ticks" : 0,